content_no,push_type,delivery_scene,source_image,bucket,endpoint,object_key,object_url,access,size_bytes,width,height,sha256,status,note
AM-0700-01,greeting,GREETING_0700,图片和附件/image 31.png,ommo-app-assets-dev,oss-cn-wulanchabu.aliyuncs.com,push-cards/greeting/am-0700-01/v1.png,https://ommo-app-assets-dev.oss-cn-wulanchabu.aliyuncs.com/push-cards/greeting/am-0700-01/v1.png,private-signed-url,2719758,1254,1254,142f7e862417f84ec69bbfde5ce9ad4379ad19baeb684e05b98d9171fda07dcc,UPLOADED_VERIFIED_PRIVATE,
AM-0700-02,greeting,GREETING_0700,图片和附件/image 58.png,ommo-app-assets-dev,oss-cn-wulanchabu.aliyuncs.com,push-cards/greeting/am-0700-02/v1.png,https://ommo-app-assets-dev.oss-cn-wulanchabu.aliyuncs.com/push-cards/greeting/am-0700-02/v1.png,private-signed-url,2695403,1254,1254,61f7797ae1cad0ca471ab886fb2afb879f1593d0306c450b7b80705b3e0466fc,UPLOADED_VERIFIED_PRIVATE,
AM-0700-03,greeting,GREETING_0700,图片和附件/image 41.png,ommo-app-assets-dev,oss-cn-wulanchabu.aliyuncs.com,push-cards/greeting/am-0700-03/v1.png,https://ommo-app-assets-dev.oss-cn-wulanchabu.aliyuncs.com/push-cards/greeting/am-0700-03/v1.png,private-signed-url,2520838,1254,1254,221d40c01d1ae117b63214d415d93c12bed297dadcb44a91ba74e391ffe005ee,UPLOADED_VERIFIED_PRIVATE,
AM-0700-04,greeting,GREETING_0700,图片和附件/image 21.png,ommo-app-assets-dev,oss-cn-wulanchabu.aliyuncs.com,push-cards/greeting/am-0700-04/v1.png,https://ommo-app-assets-dev.oss-cn-wulanchabu.aliyuncs.com/push-cards/greeting/am-0700-04/v1.png,private-signed-url,2464678,1254,1254,15cedfcfc86be032a398bd6953005fb2da34f88a6dc7f38abcda9c3714eb6db4,UPLOADED_VERIFIED_PRIVATE,
AM-0730-01,greeting,GREETING_0730,图片和附件/image 15.png,ommo-app-assets-dev,oss-cn-wulanchabu.aliyuncs.com,push-cards/greeting/am-0730-01/v1.png,https://ommo-app-assets-dev.oss-cn-wulanchabu.aliyuncs.com/push-cards/greeting/am-0730-01/v1.png,private-signed-url,2908408,1254,1254,2e34676548e83e101d065ac8199c495c8455a5f469c1e56b1e125d6992572f5e,UPLOADED_VERIFIED_PRIVATE,
AM-0730-02,greeting,GREETING_0730,图片和附件/image 95.png,ommo-app-assets-dev,oss-cn-wulanchabu.aliyuncs.com,push-cards/greeting/am-0730-02/v1.png,https://ommo-app-assets-dev.oss-cn-wulanchabu.aliyuncs.com/push-cards/greeting/am-0730-02/v1.png,private-signed-url,2740497,1254,1254,ee688dbf5ed0e40b434aa2df17635a3809b95f20d74219b19cae0d95802ccc5e,UPLOADED_VERIFIED_PRIVATE,
AM-0730-03,greeting,GREETING_0730,图片和附件/image 47.png,ommo-app-assets-dev,oss-cn-wulanchabu.aliyuncs.com,push-cards/greeting/am-0730-03/v1.png,https://ommo-app-assets-dev.oss-cn-wulanchabu.aliyuncs.com/push-cards/greeting/am-0730-03/v1.png,private-signed-url,2981033,1254,1254,9cb6db8191fac4800c6e66f71a2284074ad96e0b8212db36fd6d71195e5c8153,UPLOADED_VERIFIED_PRIVATE,
AM-0730-04,greeting,GREETING_0730,图片和附件/image 107.png,ommo-app-assets-dev,oss-cn-wulanchabu.aliyuncs.com,push-cards/greeting/am-0730-04/v1.png,https://ommo-app-assets-dev.oss-cn-wulanchabu.aliyuncs.com/push-cards/greeting/am-0730-04/v1.png,private-signed-url,2836395,1254,1254,74c080f178b52664a3bfb0c0ed197c90ea9f5eae15a8acf7e618e7d95aa95ea9,UPLOADED_VERIFIED_PRIVATE,
AM-0800-01,greeting,GREETING_0800,图片和附件/image 81.png,ommo-app-assets-dev,oss-cn-wulanchabu.aliyuncs.com,push-cards/greeting/am-0800-01/v1.png,https://ommo-app-assets-dev.oss-cn-wulanchabu.aliyuncs.com/push-cards/greeting/am-0800-01/v1.png,private-signed-url,2782213,1254,1254,a0b9e65533f73e19868feab231c93eeed8e190182bd360779745a6934996f449,UPLOADED_VERIFIED_PRIVATE,
AM-0800-02,greeting,GREETING_0800,图片和附件/image 48.png,ommo-app-assets-dev,oss-cn-wulanchabu.aliyuncs.com,push-cards/greeting/am-0800-02/v1.png,https://ommo-app-assets-dev.oss-cn-wulanchabu.aliyuncs.com/push-cards/greeting/am-0800-02/v1.png,private-signed-url,2917523,1254,1254,d2032d36fcbe168611dd8a0debc2e506707d44a71ca3ea9b933f4964ec7e9d8a,UPLOADED_VERIFIED_PRIVATE,
AM-0800-03,greeting,GREETING_0800,图片和附件/image 44.png,ommo-app-assets-dev,oss-cn-wulanchabu.aliyuncs.com,push-cards/greeting/am-0800-03/v1.png,https://ommo-app-assets-dev.oss-cn-wulanchabu.aliyuncs.com/push-cards/greeting/am-0800-03/v1.png,private-signed-url,2696210,1254,1254,24f214f18e54456ef7d1ea89105dc9226a999893cf1b874d75b5c020ffe25845,UPLOADED_VERIFIED_PRIVATE,
AM-0800-04,greeting,GREETING_0800,图片和附件/image 61.png,ommo-app-assets-dev,oss-cn-wulanchabu.aliyuncs.com,push-cards/greeting/am-0800-04/v1.png,https://ommo-app-assets-dev.oss-cn-wulanchabu.aliyuncs.com/push-cards/greeting/am-0800-04/v1.png,private-signed-url,2821870,1254,1254,c4fdda8b552cdb0ecff673344066804d8ddf0134397ab286d130f508132c3b6c,UPLOADED_VERIFIED_PRIVATE,
AM-0830-01,greeting,GREETING_0830,图片和附件/image 27.png,ommo-app-assets-dev,oss-cn-wulanchabu.aliyuncs.com,push-cards/greeting/am-0830-01/v1.png,https://ommo-app-assets-dev.oss-cn-wulanchabu.aliyuncs.com/push-cards/greeting/am-0830-01/v1.png,private-signed-url,2779115,1254,1254,a32a77e59f54e011a35a8c36b3db02fb7a9ebbaf5d165a788c94a58bcf901519,UPLOADED_VERIFIED_PRIVATE,
AM-0830-02,greeting,GREETING_0830,图片和附件/image 86.png,ommo-app-assets-dev,oss-cn-wulanchabu.aliyuncs.com,push-cards/greeting/am-0830-02/v1.png,https://ommo-app-assets-dev.oss-cn-wulanchabu.aliyuncs.com/push-cards/greeting/am-0830-02/v1.png,private-signed-url,2628113,1254,1254,2a9b730d30439f24ffdf1b6c0eba574c59dfc2616e33feeae26097874c897f74,UPLOADED_VERIFIED_PRIVATE,
AM-0830-03,greeting,GREETING_0830,图片和附件/image 59.png,ommo-app-assets-dev,oss-cn-wulanchabu.aliyuncs.com,push-cards/greeting/am-0830-03/v1.png,https://ommo-app-assets-dev.oss-cn-wulanchabu.aliyuncs.com/push-cards/greeting/am-0830-03/v1.png,private-signed-url,2680929,1254,1254,c1c0af37b521cf5dde8002e54b59616af9d59874c119701d62eaa9757a09fed0,UPLOADED_VERIFIED_PRIVATE,
AM-0830-04,greeting,GREETING_0830,图片和附件/image 89.png,ommo-app-assets-dev,oss-cn-wulanchabu.aliyuncs.com,push-cards/greeting/am-0830-04/v1.png,https://ommo-app-assets-dev.oss-cn-wulanchabu.aliyuncs.com/push-cards/greeting/am-0830-04/v1.png,private-signed-url,2548839,1254,1254,f59c4a8e3ce478b668e75c3ad9981bcc227450ea371cdba1207f73fd9a7f58d0,UPLOADED_VERIFIED_PRIVATE,
AM-0900-01,greeting,GREETING_0900,图片和附件/image 24.png,ommo-app-assets-dev,oss-cn-wulanchabu.aliyuncs.com,push-cards/greeting/am-0900-01/v1.png,https://ommo-app-assets-dev.oss-cn-wulanchabu.aliyuncs.com/push-cards/greeting/am-0900-01/v1.png,private-signed-url,2813101,1254,1254,43044a68d07223a707e7466a2e7758bc023b42df472c5627bf396d75b206b0e2,UPLOADED_VERIFIED_PRIVATE,
AM-0900-02,greeting,GREETING_0900,图片和附件/image 108.png,ommo-app-assets-dev,oss-cn-wulanchabu.aliyuncs.com,push-cards/greeting/am-0900-02/v1.png,https://ommo-app-assets-dev.oss-cn-wulanchabu.aliyuncs.com/push-cards/greeting/am-0900-02/v1.png,private-signed-url,2792215,1254,1254,864d0086d7116f05b898ed80c082448054481d57dab0cf8e4dd1c700b5b575a4,UPLOADED_VERIFIED_PRIVATE,
AM-0900-03,greeting,GREETING_0900,图片和附件/image 40.png,ommo-app-assets-dev,oss-cn-wulanchabu.aliyuncs.com,push-cards/greeting/am-0900-03/v1.png,https://ommo-app-assets-dev.oss-cn-wulanchabu.aliyuncs.com/push-cards/greeting/am-0900-03/v1.png,private-signed-url,2687119,1254,1254,d1d9b172c0700f0889e3e2714c5fb674edabb3b674f110530d5953fc5952b039,UPLOADED_VERIFIED_PRIVATE,
AM-0900-04,greeting,GREETING_0900,图片和附件/image 7.png,ommo-app-assets-dev,oss-cn-wulanchabu.aliyuncs.com,push-cards/greeting/am-0900-04/v1.png,https://ommo-app-assets-dev.oss-cn-wulanchabu.aliyuncs.com/push-cards/greeting/am-0900-04/v1.png,private-signed-url,2703606,1254,1254,05601d1c5957555957e4bc59fc2d0dcceea0a52428a61feb3d2903b19eac45f9,UPLOADED_VERIFIED_PRIVATE,
NOON-1100-01,greeting,GREETING_1100,图片和附件/image 76.png,ommo-app-assets-dev,oss-cn-wulanchabu.aliyuncs.com,push-cards/greeting/noon-1100-01/v1.png,https://ommo-app-assets-dev.oss-cn-wulanchabu.aliyuncs.com/push-cards/greeting/noon-1100-01/v1.png,private-signed-url,2833028,1254,1254,fd21ac760e1be9f5a115798eaeed596154f8c5a8db8a4efaf514e2f619bc0aee,UPLOADED_VERIFIED_PRIVATE,
NOON-1100-02,greeting,GREETING_1100,图片和附件/image 45.png,ommo-app-assets-dev,oss-cn-wulanchabu.aliyuncs.com,push-cards/greeting/noon-1100-02/v1.png,https://ommo-app-assets-dev.oss-cn-wulanchabu.aliyuncs.com/push-cards/greeting/noon-1100-02/v1.png,private-signed-url,2693927,1254,1254,1c141b8c6e0b167856460bd9574e24a4d7a4d4ac4ded542bf089cfb5888ef7c8,UPLOADED_VERIFIED_PRIVATE,
NOON-1100-03,greeting,GREETING_1100,图片和附件/image 25.png,ommo-app-assets-dev,oss-cn-wulanchabu.aliyuncs.com,push-cards/greeting/noon-1100-03/v1.png,https://ommo-app-assets-dev.oss-cn-wulanchabu.aliyuncs.com/push-cards/greeting/noon-1100-03/v1.png,private-signed-url,2744248,1254,1254,26a9671698e658bf8c4e0c9f695c80cd40a0b73f116a5054ecbf54b1bfc054f3,UPLOADED_VERIFIED_PRIVATE,
NOON-1100-04,greeting,GREETING_1100,图片和附件/image 34.png,ommo-app-assets-dev,oss-cn-wulanchabu.aliyuncs.com,push-cards/greeting/noon-1100-04/v1.png,https://ommo-app-assets-dev.oss-cn-wulanchabu.aliyuncs.com/push-cards/greeting/noon-1100-04/v1.png,private-signed-url,2626725,1254,1254,9bc4401b5003585a6c3f432f69938cceab7301c1f1d28863ff23b11b11fc9a20,UPLOADED_VERIFIED_PRIVATE,
NOON-1130-01,greeting,GREETING_1130,图片和附件/image 66.png,ommo-app-assets-dev,oss-cn-wulanchabu.aliyuncs.com,push-cards/greeting/noon-1130-01/v1.png,https://ommo-app-assets-dev.oss-cn-wulanchabu.aliyuncs.com/push-cards/greeting/noon-1130-01/v1.png,private-signed-url,2721592,1254,1254,8db669d7754ce5a9b530aef3ec07e9a69dd82acd7bf6245aa6e1517eda56e7a0,UPLOADED_VERIFIED_PRIVATE,
NOON-1130-02,greeting,GREETING_1130,图片和附件/image 46.png,ommo-app-assets-dev,oss-cn-wulanchabu.aliyuncs.com,push-cards/greeting/noon-1130-02/v1.png,https://ommo-app-assets-dev.oss-cn-wulanchabu.aliyuncs.com/push-cards/greeting/noon-1130-02/v1.png,private-signed-url,2773938,1254,1254,07f6a3fb9c4236d62ae3ec3e12f8e9506970e7dce306ab75b1b4acba1f40fb86,UPLOADED_VERIFIED_PRIVATE,
NOON-1130-03,greeting,GREETING_1130,图片和附件/image 37.png,ommo-app-assets-dev,oss-cn-wulanchabu.aliyuncs.com,push-cards/greeting/noon-1130-03/v1.png,https://ommo-app-assets-dev.oss-cn-wulanchabu.aliyuncs.com/push-cards/greeting/noon-1130-03/v1.png,private-signed-url,2732729,1254,1254,0e0b9ad348280ade6195b276822070af0f1d5a1fb89858b30a551e390f0e81c6,UPLOADED_VERIFIED_PRIVATE,
NOON-1130-04,greeting,GREETING_1130,图片和附件/image 88.png,ommo-app-assets-dev,oss-cn-wulanchabu.aliyuncs.com,push-cards/greeting/noon-1130-04/v1.png,https://ommo-app-assets-dev.oss-cn-wulanchabu.aliyuncs.com/push-cards/greeting/noon-1130-04/v1.png,private-signed-url,2776002,1254,1254,13abc6939ba8c1cd6702ee06334e329a3dfc1e052253b660cd122588f5355263,UPLOADED_VERIFIED_PRIVATE,
NOON-1200-01,greeting,GREETING_1200,图片和附件/image 78.png,ommo-app-assets-dev,oss-cn-wulanchabu.aliyuncs.com,push-cards/greeting/noon-1200-01/v1.png,https://ommo-app-assets-dev.oss-cn-wulanchabu.aliyuncs.com/push-cards/greeting/noon-1200-01/v1.png,private-signed-url,2777257,1254,1254,67b0bc110d6e9d57dc79026c57cceab4a88f6a130da42d450ba1098080dc2aa6,UPLOADED_VERIFIED_PRIVATE,
NOON-1200-02,greeting,GREETING_1200,图片和附件/image 8.png,ommo-app-assets-dev,oss-cn-wulanchabu.aliyuncs.com,push-cards/greeting/noon-1200-02/v1.png,https://ommo-app-assets-dev.oss-cn-wulanchabu.aliyuncs.com/push-cards/greeting/noon-1200-02/v1.png,private-signed-url,2737535,1254,1254,64cb221f4b8c0525d3249655062315901cf4d6c3d37571ca60b3028d72c5dd76,UPLOADED_VERIFIED_PRIVATE,
NOON-1200-03,greeting,GREETING_1200,图片和附件/image 29.png,ommo-app-assets-dev,oss-cn-wulanchabu.aliyuncs.com,push-cards/greeting/noon-1200-03/v1.png,https://ommo-app-assets-dev.oss-cn-wulanchabu.aliyuncs.com/push-cards/greeting/noon-1200-03/v1.png,private-signed-url,2708387,1254,1254,a8de41ae13b20144a3ebe885e7a106879ca3c058c95cf3a8a4de782def396f3e,UPLOADED_VERIFIED_PRIVATE,
NOON-1200-04,greeting,GREETING_1200,图片和附件/image 63.png,ommo-app-assets-dev,oss-cn-wulanchabu.aliyuncs.com,push-cards/greeting/noon-1200-04/v1.png,https://ommo-app-assets-dev.oss-cn-wulanchabu.aliyuncs.com/push-cards/greeting/noon-1200-04/v1.png,private-signed-url,2764024,1254,1254,e616adfad9503dc7b034d012f9fb935a8980bed8f085e714aee65d4df18faf61,UPLOADED_VERIFIED_PRIVATE,
NOON-1230-01,greeting,GREETING_1230,图片和附件/image 84.png,ommo-app-assets-dev,oss-cn-wulanchabu.aliyuncs.com,push-cards/greeting/noon-1230-01/v1.png,https://ommo-app-assets-dev.oss-cn-wulanchabu.aliyuncs.com/push-cards/greeting/noon-1230-01/v1.png,private-signed-url,2753973,1254,1254,a7b2a6764e8fd73d14b4f211ff34b2574767dbb604288831147a87bff6c16dc6,UPLOADED_VERIFIED_PRIVATE,
NOON-1230-02,greeting,GREETING_1230,图片和附件/image 10.png,ommo-app-assets-dev,oss-cn-wulanchabu.aliyuncs.com,push-cards/greeting/noon-1230-02/v1.png,https://ommo-app-assets-dev.oss-cn-wulanchabu.aliyuncs.com/push-cards/greeting/noon-1230-02/v1.png,private-signed-url,2805691,1254,1254,479e15a6af5a2f53abeaa8a0303003101d4da3c3f03fc87362b71a12790e4fb0,UPLOADED_VERIFIED_PRIVATE,
NOON-1230-03,greeting,GREETING_1230,图片和附件/image 20.png,ommo-app-assets-dev,oss-cn-wulanchabu.aliyuncs.com,push-cards/greeting/noon-1230-03/v1.png,https://ommo-app-assets-dev.oss-cn-wulanchabu.aliyuncs.com/push-cards/greeting/noon-1230-03/v1.png,private-signed-url,2477214,1254,1254,9c91ad5bb48af343191238ae54184703b064e24f07948b51c550f3f4c4fcefe5,UPLOADED_VERIFIED_PRIVATE,
NOON-1230-04,greeting,GREETING_1230,图片和附件/image 103.png,ommo-app-assets-dev,oss-cn-wulanchabu.aliyuncs.com,push-cards/greeting/noon-1230-04/v1.png,https://ommo-app-assets-dev.oss-cn-wulanchabu.aliyuncs.com/push-cards/greeting/noon-1230-04/v1.png,private-signed-url,2663815,1254,1254,e72f05c238b39c8bc29d97cb550ba9fa4b08a1af03bfe553167c5bf25e322eef,UPLOADED_VERIFIED_PRIVATE,
NOON-1300-01,greeting,GREETING_1300,图片和附件/image 23.png,ommo-app-assets-dev,oss-cn-wulanchabu.aliyuncs.com,push-cards/greeting/noon-1300-01/v1.png,https://ommo-app-assets-dev.oss-cn-wulanchabu.aliyuncs.com/push-cards/greeting/noon-1300-01/v1.png,private-signed-url,2632375,1254,1254,02aa4b809945fcb39884d525f3ed9fec54f26cb20fc28e21858a39b4f00f3b46,UPLOADED_VERIFIED_PRIVATE,
NOON-1300-02,greeting,GREETING_1300,图片和附件/image 60.png,ommo-app-assets-dev,oss-cn-wulanchabu.aliyuncs.com,push-cards/greeting/noon-1300-02/v1.png,https://ommo-app-assets-dev.oss-cn-wulanchabu.aliyuncs.com/push-cards/greeting/noon-1300-02/v1.png,private-signed-url,2742349,1254,1254,40a36eb9efc0e8c56f9903d32205543ea1713e4d8e3ede246f88ef42fcc4f3d9,UPLOADED_VERIFIED_PRIVATE,
NOON-1300-03,greeting,GREETING_1300,图片和附件/image 90.png,ommo-app-assets-dev,oss-cn-wulanchabu.aliyuncs.com,push-cards/greeting/noon-1300-03/v1.png,https://ommo-app-assets-dev.oss-cn-wulanchabu.aliyuncs.com/push-cards/greeting/noon-1300-03/v1.png,private-signed-url,2398430,1254,1254,da72a534bdb844b61997c781b10f51333f0d90937155e44abfd8ef8c05bd9fd6,UPLOADED_VERIFIED_PRIVATE,
NOON-1300-04,greeting,GREETING_1300,图片和附件/image 43.png,ommo-app-assets-dev,oss-cn-wulanchabu.aliyuncs.com,push-cards/greeting/noon-1300-04/v1.png,https://ommo-app-assets-dev.oss-cn-wulanchabu.aliyuncs.com/push-cards/greeting/noon-1300-04/v1.png,private-signed-url,2598754,1254,1254,14fcee9556aaa8254db964e7ae43e46a8ee92e0020568e44e5c7c7a65adaa6da,UPLOADED_VERIFIED_PRIVATE,
PM-1800-01,greeting,GREETING_1800,图片和附件/image 82.png,ommo-app-assets-dev,oss-cn-wulanchabu.aliyuncs.com,push-cards/greeting/pm-1800-01/v1.png,https://ommo-app-assets-dev.oss-cn-wulanchabu.aliyuncs.com/push-cards/greeting/pm-1800-01/v1.png,private-signed-url,2642842,1254,1254,7f49925a591011d33f2f657034c9a5897b0f7df782152d7832f7cae51084951b,UPLOADED_VERIFIED_PRIVATE,
PM-1800-02,greeting,GREETING_1800,图片和附件/image 30.png,ommo-app-assets-dev,oss-cn-wulanchabu.aliyuncs.com,push-cards/greeting/pm-1800-02/v1.png,https://ommo-app-assets-dev.oss-cn-wulanchabu.aliyuncs.com/push-cards/greeting/pm-1800-02/v1.png,private-signed-url,2772150,1254,1254,4934b7724932ed44414fbc94676dc5aa93d684cf4d319b3f691f089d02844d63,UPLOADED_VERIFIED_PRIVATE,
PM-1800-03,greeting,GREETING_1800,图片和附件/image 99.png,ommo-app-assets-dev,oss-cn-wulanchabu.aliyuncs.com,push-cards/greeting/pm-1800-03/v1.png,https://ommo-app-assets-dev.oss-cn-wulanchabu.aliyuncs.com/push-cards/greeting/pm-1800-03/v1.png,private-signed-url,2692812,1254,1254,e0ba9d13016ab45ca5889d2d0231f7e9251fc1ec05dd099f4257800704460f1d,UPLOADED_VERIFIED_PRIVATE,
PM-1830-01,greeting,GREETING_1830,图片和附件/image 3.png,ommo-app-assets-dev,oss-cn-wulanchabu.aliyuncs.com,push-cards/greeting/pm-1830-01/v1.png,https://ommo-app-assets-dev.oss-cn-wulanchabu.aliyuncs.com/push-cards/greeting/pm-1830-01/v1.png,private-signed-url,2652617,1254,1254,477dbf76e3ac206b246a8141b333935f1ef98ffbfc37936f20f7379d4a43f21c,UPLOADED_VERIFIED_PRIVATE,
PM-1830-02,greeting,GREETING_1830,图片和附件/image 53.png,ommo-app-assets-dev,oss-cn-wulanchabu.aliyuncs.com,push-cards/greeting/pm-1830-02/v1.png,https://ommo-app-assets-dev.oss-cn-wulanchabu.aliyuncs.com/push-cards/greeting/pm-1830-02/v1.png,private-signed-url,2618858,1254,1254,84dff487da5661369f6578829b797eb693d24d64905d0d59c7bcda30c1f503db,UPLOADED_VERIFIED_PRIVATE,
PM-1830-03,greeting,GREETING_1830,图片和附件/image 72.png,ommo-app-assets-dev,oss-cn-wulanchabu.aliyuncs.com,push-cards/greeting/pm-1830-03/v1.png,https://ommo-app-assets-dev.oss-cn-wulanchabu.aliyuncs.com/push-cards/greeting/pm-1830-03/v1.png,private-signed-url,2852446,1254,1254,6736ddd860b9bffc0d42cf7c4493c06d1251e9df29e9b37992fd4705760751d1,UPLOADED_VERIFIED_PRIVATE,
PM-1900-01,greeting,GREETING_1900,图片和附件/image 85.png,ommo-app-assets-dev,oss-cn-wulanchabu.aliyuncs.com,push-cards/greeting/pm-1900-01/v1.png,https://ommo-app-assets-dev.oss-cn-wulanchabu.aliyuncs.com/push-cards/greeting/pm-1900-01/v1.png,private-signed-url,2734265,1254,1254,f5d9ae1a3f1a95b30f8944cf0da2fe7e74c6c5e37abb172b92d0f1ae14e05ae1,UPLOADED_VERIFIED_PRIVATE,
PM-1900-02,greeting,GREETING_1900,图片和附件/image 1.png,ommo-app-assets-dev,oss-cn-wulanchabu.aliyuncs.com,push-cards/greeting/pm-1900-02/v1.png,https://ommo-app-assets-dev.oss-cn-wulanchabu.aliyuncs.com/push-cards/greeting/pm-1900-02/v1.png,private-signed-url,2508511,1254,1254,04dba4befce51202d17b07692631ee056f584283013c3414aa8be7abeca24f83,UPLOADED_VERIFIED_PRIVATE,
PM-1900-03,greeting,GREETING_1900,图片和附件/image 87.png,ommo-app-assets-dev,oss-cn-wulanchabu.aliyuncs.com,push-cards/greeting/pm-1900-03/v1.png,https://ommo-app-assets-dev.oss-cn-wulanchabu.aliyuncs.com/push-cards/greeting/pm-1900-03/v1.png,private-signed-url,2855891,1254,1254,01d1fa75f6a2ace9f5d72c23c1a3371a6b5c6ce534ec49f5fe57be539a69b6a8,UPLOADED_VERIFIED_PRIVATE,
PM-1930-01,greeting,GREETING_1930,图片和附件/image 71.png,ommo-app-assets-dev,oss-cn-wulanchabu.aliyuncs.com,push-cards/greeting/pm-1930-01/v1.png,https://ommo-app-assets-dev.oss-cn-wulanchabu.aliyuncs.com/push-cards/greeting/pm-1930-01/v1.png,private-signed-url,2635496,1254,1254,09e832ce73eb394640a53b4a4f2b553b085ed83a39c8e5485b122e157ae872a2,UPLOADED_VERIFIED_PRIVATE,
PM-1930-02,greeting,GREETING_1930,图片和附件/image 50.png,ommo-app-assets-dev,oss-cn-wulanchabu.aliyuncs.com,push-cards/greeting/pm-1930-02/v1.png,https://ommo-app-assets-dev.oss-cn-wulanchabu.aliyuncs.com/push-cards/greeting/pm-1930-02/v1.png,private-signed-url,2693532,1254,1254,e6c98509baabec481a7b9dcefee28ba2be83bd17071e8172393b0e985ba72ed8,UPLOADED_VERIFIED_PRIVATE,
PM-1930-03,greeting,GREETING_1930,图片和附件/image 54.png,ommo-app-assets-dev,oss-cn-wulanchabu.aliyuncs.com,push-cards/greeting/pm-1930-03/v1.png,https://ommo-app-assets-dev.oss-cn-wulanchabu.aliyuncs.com/push-cards/greeting/pm-1930-03/v1.png,private-signed-url,2737148,1254,1254,9acd9990f2a3783c1321e300b6ca9951698fb7ceda381952ec99b2cf569e7209,UPLOADED_VERIFIED_PRIVATE,
PM-2000-01,greeting,GREETING_2000,图片和附件/image 79.png,ommo-app-assets-dev,oss-cn-wulanchabu.aliyuncs.com,push-cards/greeting/pm-2000-01/v1.png,https://ommo-app-assets-dev.oss-cn-wulanchabu.aliyuncs.com/push-cards/greeting/pm-2000-01/v1.png,private-signed-url,2650132,1254,1254,5564deb0e4ca0f8aa9d551572439c86622f818fec8ef7d8bb837d3ae30a93dfc,UPLOADED_VERIFIED_PRIVATE,
PM-2000-02,greeting,GREETING_2000,图片和附件/image 94.png,ommo-app-assets-dev,oss-cn-wulanchabu.aliyuncs.com,push-cards/greeting/pm-2000-02/v1.png,https://ommo-app-assets-dev.oss-cn-wulanchabu.aliyuncs.com/push-cards/greeting/pm-2000-02/v1.png,private-signed-url,2765826,1254,1254,6c024ac5852a986e116de4f1b457ec0152dd0a8bde7f0a57207c0cb3c67d31f2,UPLOADED_VERIFIED_PRIVATE,
PM-2000-03,greeting,GREETING_2000,图片和附件/image 14.png,ommo-app-assets-dev,oss-cn-wulanchabu.aliyuncs.com,push-cards/greeting/pm-2000-03/v1.png,https://ommo-app-assets-dev.oss-cn-wulanchabu.aliyuncs.com/push-cards/greeting/pm-2000-03/v1.png,private-signed-url,2963218,1254,1254,9ae46d96c5038809d58be735f81bec0f2edbee57324c176729be7b9ca71be425,UPLOADED_VERIFIED_PRIVATE,
PM-2030-01,greeting,GREETING_2030,图片和附件/image 68.png,ommo-app-assets-dev,oss-cn-wulanchabu.aliyuncs.com,push-cards/greeting/pm-2030-01/v1.png,https://ommo-app-assets-dev.oss-cn-wulanchabu.aliyuncs.com/push-cards/greeting/pm-2030-01/v1.png,private-signed-url,2929340,1254,1254,114fc2b21cd97cb8551d4e5d0100834fc3b8d519c95daa2f17e1b80dc89edce5,UPLOADED_VERIFIED_PRIVATE,
PM-2030-02,greeting,GREETING_2030,图片和附件/image 77.png,ommo-app-assets-dev,oss-cn-wulanchabu.aliyuncs.com,push-cards/greeting/pm-2030-02/v1.png,https://ommo-app-assets-dev.oss-cn-wulanchabu.aliyuncs.com/push-cards/greeting/pm-2030-02/v1.png,private-signed-url,2977114,1254,1254,336b947ce1aa4f2ea330e99da2853f127b503ffc4d246c944963739a81e127ca,UPLOADED_VERIFIED_PRIVATE,
PM-2030-03,greeting,GREETING_2030,图片和附件/image 102.png,ommo-app-assets-dev,oss-cn-wulanchabu.aliyuncs.com,push-cards/greeting/pm-2030-03/v1.png,https://ommo-app-assets-dev.oss-cn-wulanchabu.aliyuncs.com/push-cards/greeting/pm-2030-03/v1.png,private-signed-url,2832108,1254,1254,6e5e85de9aaf46213ac126a242a0c1e7f07b4498576910b538543cd9383304de,UPLOADED_VERIFIED_PRIVATE,
PM-2100-01,greeting,GREETING_2100,图片和附件/image 36.png,ommo-app-assets-dev,oss-cn-wulanchabu.aliyuncs.com,push-cards/greeting/pm-2100-01/v1.png,https://ommo-app-assets-dev.oss-cn-wulanchabu.aliyuncs.com/push-cards/greeting/pm-2100-01/v1.png,private-signed-url,2727441,1254,1254,c816d88313ece9a8aa2c1f5be99923a816d5e2d2fbaea9420ab38f39ba91acdb,UPLOADED_VERIFIED_PRIVATE,
PM-2100-02,greeting,GREETING_2100,图片和附件/image 52.png,ommo-app-assets-dev,oss-cn-wulanchabu.aliyuncs.com,push-cards/greeting/pm-2100-02/v1.png,https://ommo-app-assets-dev.oss-cn-wulanchabu.aliyuncs.com/push-cards/greeting/pm-2100-02/v1.png,private-signed-url,2830834,1254,1254,15aba155c703b93def21baee0f9caf89ebdf536948c5b43765480640a7f061aa,UPLOADED_VERIFIED_PRIVATE,
PM-2100-03,greeting,GREETING_2100,图片和附件/image 67.png,ommo-app-assets-dev,oss-cn-wulanchabu.aliyuncs.com,push-cards/greeting/pm-2100-03/v1.png,https://ommo-app-assets-dev.oss-cn-wulanchabu.aliyuncs.com/push-cards/greeting/pm-2100-03/v1.png,private-signed-url,2637038,1254,1254,324d2c16d7be26074684c8cd515624a465df46402d45ed0eb0fca4a81bb6d8b6,UPLOADED_VERIFIED_PRIVATE,
W-SHOWER-01,weather,WEATHER_SHOWER,图片和附件/image 80.png,ommo-app-assets-dev,oss-cn-wulanchabu.aliyuncs.com,push-cards/weather/w-shower-01/v1.png,https://ommo-app-assets-dev.oss-cn-wulanchabu.aliyuncs.com/push-cards/weather/w-shower-01/v1.png,private-signed-url,2737585,1254,1254,e902dbf298c0bfd88928ed1ff959575b3b291138709d3816f2f5cd82ace3cac7,UPLOADED_VERIFIED_PRIVATE,
W-SHOWER-02,weather,WEATHER_SHOWER,图片和附件/image 38.png,ommo-app-assets-dev,oss-cn-wulanchabu.aliyuncs.com,push-cards/weather/w-shower-02/v1.png,https://ommo-app-assets-dev.oss-cn-wulanchabu.aliyuncs.com/push-cards/weather/w-shower-02/v1.png,private-signed-url,2859583,1254,1254,2f17ddbda8f6ebe3071a04eb60ef3467973e09d06f4460dcc2d55ade5aa5d60d,UPLOADED_VERIFIED_PRIVATE,
W-SHOWER-03,weather,WEATHER_SHOWER,图片和附件/image 110.png,ommo-app-assets-dev,oss-cn-wulanchabu.aliyuncs.com,push-cards/weather/w-shower-03/v1.png,https://ommo-app-assets-dev.oss-cn-wulanchabu.aliyuncs.com/push-cards/weather/w-shower-03/v1.png,private-signed-url,2816157,1254,1254,2724b8b50c651732d5ce2db5b20722a7dd100d5345d9e52efbe957ffb24004c4,UPLOADED_VERIFIED_PRIVATE,
W-SHOWER-04,weather,WEATHER_SHOWER,图片和附件/image 6.png,ommo-app-assets-dev,oss-cn-wulanchabu.aliyuncs.com,push-cards/weather/w-shower-04/v1.png,https://ommo-app-assets-dev.oss-cn-wulanchabu.aliyuncs.com/push-cards/weather/w-shower-04/v1.png,private-signed-url,2955667,1254,1254,9bf1bf03ddbcc04abacbb7dc54e5e90d10e6d7195dc528f06c35b0a56fa6a660,UPLOADED_VERIFIED_PRIVATE,
W-THUNDER-01,weather,WEATHER_THUNDER,图片和附件/image 17.png,ommo-app-assets-dev,oss-cn-wulanchabu.aliyuncs.com,push-cards/weather/w-thunder-01/v1.png,https://ommo-app-assets-dev.oss-cn-wulanchabu.aliyuncs.com/push-cards/weather/w-thunder-01/v1.png,private-signed-url,2715603,1254,1254,5f09e01495884f738fd0ec6e11bde324ed4fd9e900457220ec157e52bebafa11,UPLOADED_VERIFIED_PRIVATE,
W-THUNDER-02,weather,WEATHER_THUNDER,图片和附件/image 92.png,ommo-app-assets-dev,oss-cn-wulanchabu.aliyuncs.com,push-cards/weather/w-thunder-02/v1.png,https://ommo-app-assets-dev.oss-cn-wulanchabu.aliyuncs.com/push-cards/weather/w-thunder-02/v1.png,private-signed-url,2741960,1254,1254,02d3daac7b651f92e67415f9ad39c7953c15ee7c72281bf461fbf88e01dc5513,UPLOADED_VERIFIED_PRIVATE,
W-THUNDER-03,weather,WEATHER_THUNDER,,,,,,,,,,,MISSING,文档未关联插图
W-THUNDER-04,weather,WEATHER_THUNDER,图片和附件/image 91.png,ommo-app-assets-dev,oss-cn-wulanchabu.aliyuncs.com,push-cards/weather/w-thunder-04/v1.png,https://ommo-app-assets-dev.oss-cn-wulanchabu.aliyuncs.com/push-cards/weather/w-thunder-04/v1.png,private-signed-url,2701613,1254,1254,759f597ab1771949fe6078bbf408f0190d163c26c34a3262a3f5bb980d13573a,UPLOADED_VERIFIED_PRIVATE,
W-HEAVY-RAIN-01,weather,WEATHER_HEAVY_RAIN,图片和附件/image 64.png,ommo-app-assets-dev,oss-cn-wulanchabu.aliyuncs.com,push-cards/weather/w-heavy-rain-01/v1.png,https://ommo-app-assets-dev.oss-cn-wulanchabu.aliyuncs.com/push-cards/weather/w-heavy-rain-01/v1.png,private-signed-url,2682537,1254,1254,7e1c1ded67d468dc839adc6a06a8b2277e9497a092fbc10f0b9e59f89088f09e,UPLOADED_VERIFIED_PRIVATE,
W-HEAVY-RAIN-02,weather,WEATHER_HEAVY_RAIN,图片和附件/image 35.png,ommo-app-assets-dev,oss-cn-wulanchabu.aliyuncs.com,push-cards/weather/w-heavy-rain-02/v1.png,https://ommo-app-assets-dev.oss-cn-wulanchabu.aliyuncs.com/push-cards/weather/w-heavy-rain-02/v1.png,private-signed-url,2615944,1254,1254,be5a7052961ef7b833fb3f5dcdd8d3dec8795599b8dfdfac130bada7dd0b24db,UPLOADED_VERIFIED_PRIVATE,
W-HEAVY-RAIN-03,weather,WEATHER_HEAVY_RAIN,图片和附件/image 13.png,ommo-app-assets-dev,oss-cn-wulanchabu.aliyuncs.com,push-cards/weather/w-heavy-rain-03/v1.png,https://ommo-app-assets-dev.oss-cn-wulanchabu.aliyuncs.com/push-cards/weather/w-heavy-rain-03/v1.png,private-signed-url,2618550,1254,1254,4cce9e218298e3205f7ce3337306f248ce6960d5aff6b7dfea7e90f395d45f46,UPLOADED_VERIFIED_PRIVATE,
W-HEAVY-RAIN-04,weather,WEATHER_HEAVY_RAIN,图片和附件/image 70.png,ommo-app-assets-dev,oss-cn-wulanchabu.aliyuncs.com,push-cards/weather/w-heavy-rain-04/v1.png,https://ommo-app-assets-dev.oss-cn-wulanchabu.aliyuncs.com/push-cards/weather/w-heavy-rain-04/v1.png,private-signed-url,2690100,1254,1254,e9bc12fa9a9e60e350153d427c0f5c62964019a8a6fb97b4b88d249d9a440ddb,UPLOADED_VERIFIED_PRIVATE,
W-HAIL-01,weather,WEATHER_HAIL,图片和附件/image 101.png,ommo-app-assets-dev,oss-cn-wulanchabu.aliyuncs.com,push-cards/weather/w-hail-01/v1.png,https://ommo-app-assets-dev.oss-cn-wulanchabu.aliyuncs.com/push-cards/weather/w-hail-01/v1.png,private-signed-url,2685384,1254,1254,c04178867998963b30cec71c6ef4a06eae107816731a18e4c448fdbd47994569,UPLOADED_VERIFIED_PRIVATE,
W-HAIL-02,weather,WEATHER_HAIL,图片和附件/image 9.png,ommo-app-assets-dev,oss-cn-wulanchabu.aliyuncs.com,push-cards/weather/w-hail-02/v1.png,https://ommo-app-assets-dev.oss-cn-wulanchabu.aliyuncs.com/push-cards/weather/w-hail-02/v1.png,private-signed-url,2493142,1254,1254,fb1774eef0b54986e91fae3d51bb53cd0c3810128a44db73da72a0a9ae18811a,UPLOADED_VERIFIED_PRIVATE,
W-HAIL-03,weather,WEATHER_HAIL,图片和附件/image 56.png,ommo-app-assets-dev,oss-cn-wulanchabu.aliyuncs.com,push-cards/weather/w-hail-03/v1.png,https://ommo-app-assets-dev.oss-cn-wulanchabu.aliyuncs.com/push-cards/weather/w-hail-03/v1.png,private-signed-url,2565898,1254,1254,a920c4e6451bb65e5603e084c2573c6a7538f913778606977378c9781e6b4108,UPLOADED_VERIFIED_PRIVATE,
W-HAIL-04,weather,WEATHER_HAIL,图片和附件/image 73.png,ommo-app-assets-dev,oss-cn-wulanchabu.aliyuncs.com,push-cards/weather/w-hail-04/v1.png,https://ommo-app-assets-dev.oss-cn-wulanchabu.aliyuncs.com/push-cards/weather/w-hail-04/v1.png,private-signed-url,2577128,1254,1254,3b68e544a70e19cfee61557e24f8d44c20a4634b2e011d2696c434e7ccc3ef71,UPLOADED_VERIFIED_PRIVATE,
W-TYPHOON-01,weather,WEATHER_TYPHOON,图片和附件/image 26.png,ommo-app-assets-dev,oss-cn-wulanchabu.aliyuncs.com,push-cards/weather/w-typhoon-01/v1.png,https://ommo-app-assets-dev.oss-cn-wulanchabu.aliyuncs.com/push-cards/weather/w-typhoon-01/v1.png,private-signed-url,2781001,1254,1254,971d94d14bb8de1fe464a5fdee8a092e21e515df9ac2a02588f62010b14e0a4e,UPLOADED_VERIFIED_PRIVATE,
W-TYPHOON-02,weather,WEATHER_TYPHOON,图片和附件/image 109.png,ommo-app-assets-dev,oss-cn-wulanchabu.aliyuncs.com,push-cards/weather/w-typhoon-02/v1.png,https://ommo-app-assets-dev.oss-cn-wulanchabu.aliyuncs.com/push-cards/weather/w-typhoon-02/v1.png,private-signed-url,2563852,1254,1254,b0b682109be872f2fca99a1e1cbe43fd94d2bdf74af2892ae9e4d014ada4cda0,UPLOADED_VERIFIED_PRIVATE,
W-TYPHOON-03,weather,WEATHER_TYPHOON,图片和附件/image 22.png,ommo-app-assets-dev,oss-cn-wulanchabu.aliyuncs.com,push-cards/weather/w-typhoon-03/v1.png,https://ommo-app-assets-dev.oss-cn-wulanchabu.aliyuncs.com/push-cards/weather/w-typhoon-03/v1.png,private-signed-url,2615779,1254,1254,5dbf22a3227bb9c3f040c2ed9a31ef73f02b0caba8e9265fae2c2da1a6516b4b,UPLOADED_VERIFIED_PRIVATE,
W-TYPHOON-04,weather,WEATHER_TYPHOON,图片和附件/image 100.png,ommo-app-assets-dev,oss-cn-wulanchabu.aliyuncs.com,push-cards/weather/w-typhoon-04/v1.png,https://ommo-app-assets-dev.oss-cn-wulanchabu.aliyuncs.com/push-cards/weather/w-typhoon-04/v1.png,private-signed-url,2690859,1254,1254,7778bab72a4690b8a4230a2c2d82e19e4020038a409c80d30e40f84f7ac17f69,UPLOADED_VERIFIED_PRIVATE,
W-COLD-01,weather,WEATHER_COLD,图片和附件/image 33.png,ommo-app-assets-dev,oss-cn-wulanchabu.aliyuncs.com,push-cards/weather/w-cold-01/v1.png,https://ommo-app-assets-dev.oss-cn-wulanchabu.aliyuncs.com/push-cards/weather/w-cold-01/v1.png,private-signed-url,2793196,1254,1254,97a4064c3b6711e85b93fc2cc28d3ba7265c622d4b6858a141f5a30f59dae418,UPLOADED_VERIFIED_PRIVATE,
W-COLD-02,weather,WEATHER_COLD,图片和附件/image 32.png,ommo-app-assets-dev,oss-cn-wulanchabu.aliyuncs.com,push-cards/weather/w-cold-02/v1.png,https://ommo-app-assets-dev.oss-cn-wulanchabu.aliyuncs.com/push-cards/weather/w-cold-02/v1.png,private-signed-url,2574907,1254,1254,ec3d303241b64d451c403b486d1f2e7480d5106a9e83f438ecfcc1b2b947bd53,UPLOADED_VERIFIED_PRIVATE,
W-COLD-03,weather,WEATHER_COLD,图片和附件/image 65.png,ommo-app-assets-dev,oss-cn-wulanchabu.aliyuncs.com,push-cards/weather/w-cold-03/v1.png,https://ommo-app-assets-dev.oss-cn-wulanchabu.aliyuncs.com/push-cards/weather/w-cold-03/v1.png,private-signed-url,2782415,1254,1254,8e49db6f6e227c3f0c9122492135d80b5abe2be13ad60fe084de96d3c1ae9ed9,UPLOADED_VERIFIED_PRIVATE,
W-COLD-04,weather,WEATHER_COLD,图片和附件/image 69.png,ommo-app-assets-dev,oss-cn-wulanchabu.aliyuncs.com,push-cards/weather/w-cold-04/v1.png,https://ommo-app-assets-dev.oss-cn-wulanchabu.aliyuncs.com/push-cards/weather/w-cold-04/v1.png,private-signed-url,2752840,1254,1254,b50abdc51fe84f01c30f0e5dba106d75b45774dc076acb3ef5f6f5a726e33fa1,UPLOADED_VERIFIED_PRIVATE,
W-HEAT-01,weather,WEATHER_HEAT,图片和附件/image 74.png,ommo-app-assets-dev,oss-cn-wulanchabu.aliyuncs.com,push-cards/weather/w-heat-01/v1.png,https://ommo-app-assets-dev.oss-cn-wulanchabu.aliyuncs.com/push-cards/weather/w-heat-01/v1.png,private-signed-url,2703375,1254,1254,6c2ff368cbfd5e848599782bc4ea527f13481e0dcea5db8dc4fcbab8122aeb59,UPLOADED_VERIFIED_PRIVATE,
W-HEAT-02,weather,WEATHER_HEAT,图片和附件/image 83.png,ommo-app-assets-dev,oss-cn-wulanchabu.aliyuncs.com,push-cards/weather/w-heat-02/v1.png,https://ommo-app-assets-dev.oss-cn-wulanchabu.aliyuncs.com/push-cards/weather/w-heat-02/v1.png,private-signed-url,2771086,1254,1254,164fcf6e6a2f880f1be4e4fb8d307fec5b5ab7ab13be121b3bfc282660db64e5,UPLOADED_VERIFIED_PRIVATE,
W-HEAT-03,weather,WEATHER_HEAT,图片和附件/image 106.png,ommo-app-assets-dev,oss-cn-wulanchabu.aliyuncs.com,push-cards/weather/w-heat-03/v1.png,https://ommo-app-assets-dev.oss-cn-wulanchabu.aliyuncs.com/push-cards/weather/w-heat-03/v1.png,private-signed-url,3065936,1254,1254,ce3a92bd0eed7e8f736ec01dc3eac1f1b46538c8a7a69bd905e538d116adb669,UPLOADED_VERIFIED_PRIVATE,
W-HEAT-04,weather,WEATHER_HEAT,图片和附件/image 96.png,ommo-app-assets-dev,oss-cn-wulanchabu.aliyuncs.com,push-cards/weather/w-heat-04/v1.png,https://ommo-app-assets-dev.oss-cn-wulanchabu.aliyuncs.com/push-cards/weather/w-heat-04/v1.png,private-signed-url,2789213,1254,1254,9a5c5b4d7bb40706951efdc3bd03fb424d9e036f4274e2622bf33d6048b23ba7,UPLOADED_VERIFIED_PRIVATE,
W-GALE-01,weather,WEATHER_GALE,图片和附件/image 2.png,ommo-app-assets-dev,oss-cn-wulanchabu.aliyuncs.com,push-cards/weather/w-gale-01/v1.png,https://ommo-app-assets-dev.oss-cn-wulanchabu.aliyuncs.com/push-cards/weather/w-gale-01/v1.png,private-signed-url,2677509,1254,1254,c2230b207ac768587904eb9376144ab66b61f4dde2218d0f3f8448bc284f5bd0,UPLOADED_VERIFIED_PRIVATE,
W-GALE-02,weather,WEATHER_GALE,图片和附件/image.png,ommo-app-assets-dev,oss-cn-wulanchabu.aliyuncs.com,push-cards/weather/w-gale-02/v1.png,https://ommo-app-assets-dev.oss-cn-wulanchabu.aliyuncs.com/push-cards/weather/w-gale-02/v1.png,private-signed-url,2818959,1254,1254,fed1232c0bffa3f9c015d3bd6ff246abda3211906c16144e9c0ab5e01328296a,UPLOADED_VERIFIED_PRIVATE,
W-GALE-03,weather,WEATHER_GALE,图片和附件/image 18.png,ommo-app-assets-dev,oss-cn-wulanchabu.aliyuncs.com,push-cards/weather/w-gale-03/v1.png,https://ommo-app-assets-dev.oss-cn-wulanchabu.aliyuncs.com/push-cards/weather/w-gale-03/v1.png,private-signed-url,2593840,1254,1254,6306d5aec1867cbd7690e9ee91830b17ec960d73eaf36b6a7525dab421ff0105,UPLOADED_VERIFIED_PRIVATE,
W-GALE-03,weather,WEATHER_GALE,图片和附件/image 98.png,ommo-app-assets-dev,oss-cn-wulanchabu.aliyuncs.com,push-cards/weather/w-gale-03/v2.png,https://ommo-app-assets-dev.oss-cn-wulanchabu.aliyuncs.com/push-cards/weather/w-gale-03/v2.png,private-signed-url,2754129,1254,1254,74ff2e41a73eb5c932f6f183daa6968463ddef0c52bdf02e39c510978ae79c8e,UPLOADED_VERIFIED_PRIVATE,
W-GALE-04,weather,WEATHER_GALE,图片和附件/image 39.png,ommo-app-assets-dev,oss-cn-wulanchabu.aliyuncs.com,push-cards/weather/w-gale-04/v1.png,https://ommo-app-assets-dev.oss-cn-wulanchabu.aliyuncs.com/push-cards/weather/w-gale-04/v1.png,private-signed-url,2791008,1254,1254,3ac7d3869520e1b863812f641ced7613565eeb01023fb41bd62d0b046d48a435,UPLOADED_VERIFIED_PRIVATE,
W-SNOW-01,weather,WEATHER_SNOW,图片和附件/image 62.png,ommo-app-assets-dev,oss-cn-wulanchabu.aliyuncs.com,push-cards/weather/w-snow-01/v1.png,https://ommo-app-assets-dev.oss-cn-wulanchabu.aliyuncs.com/push-cards/weather/w-snow-01/v1.png,private-signed-url,2802199,1254,1254,4b1ba25b18ed90401b1dda7f8529bfcb38c0d02e5629af1c78f87087bb7ad16c,UPLOADED_VERIFIED_PRIVATE,
W-SNOW-02,weather,WEATHER_SNOW,图片和附件/image 5.png,ommo-app-assets-dev,oss-cn-wulanchabu.aliyuncs.com,push-cards/weather/w-snow-02/v1.png,https://ommo-app-assets-dev.oss-cn-wulanchabu.aliyuncs.com/push-cards/weather/w-snow-02/v1.png,private-signed-url,2882753,1254,1254,7d21a19983ebb804f6eb3e4b6d60e9ca040cc83bb9f66549307f2c2a93758a1e,UPLOADED_VERIFIED_PRIVATE,
W-SNOW-03,weather,WEATHER_SNOW,图片和附件/image 105.png,ommo-app-assets-dev,oss-cn-wulanchabu.aliyuncs.com,push-cards/weather/w-snow-03/v1.png,https://ommo-app-assets-dev.oss-cn-wulanchabu.aliyuncs.com/push-cards/weather/w-snow-03/v1.png,private-signed-url,2798119,1254,1254,ab1dee219d272b979c04293cf5eb88be36283171bd9b3ff6005ebad771313c6a,UPLOADED_VERIFIED_PRIVATE,
W-SNOW-04,weather,WEATHER_SNOW,图片和附件/image 49.png,ommo-app-assets-dev,oss-cn-wulanchabu.aliyuncs.com,push-cards/weather/w-snow-04/v1.png,https://ommo-app-assets-dev.oss-cn-wulanchabu.aliyuncs.com/push-cards/weather/w-snow-04/v1.png,private-signed-url,2834812,1254,1254,fdc1cfbde69287d7163004d25544306e06cd840045f4690ac6dc24e6b77f5e40,UPLOADED_VERIFIED_PRIVATE,
W-ICE-01,weather,WEATHER_ICE,,,,,,,,,,,MISSING,文档未关联插图
W-ICE-02,weather,WEATHER_ICE,,,,,,,,,,,MISSING,文档未关联插图
W-ICE-03,weather,WEATHER_ICE,图片和附件/image 57.png,ommo-app-assets-dev,oss-cn-wulanchabu.aliyuncs.com,push-cards/weather/w-ice-03/v1.png,https://ommo-app-assets-dev.oss-cn-wulanchabu.aliyuncs.com/push-cards/weather/w-ice-03/v1.png,private-signed-url,3078146,1254,1254,52dd883ffad2ee222a09c8b256d4f5b148fcc3762a83358a148e29a15e670ad8,UPLOADED_VERIFIED_PRIVATE,
W-ICE-04,weather,WEATHER_ICE,图片和附件/image 16.png,ommo-app-assets-dev,oss-cn-wulanchabu.aliyuncs.com,push-cards/weather/w-ice-04/v1.png,https://ommo-app-assets-dev.oss-cn-wulanchabu.aliyuncs.com/push-cards/weather/w-ice-04/v1.png,private-signed-url,2953745,1254,1254,7efb6c27e30ca1866ff09f9888a3573dea9bd1b606a37af75359be25dbb3f7a6,UPLOADED_VERIFIED_PRIVATE,
W-FOG-01,weather,WEATHER_FOG,,,,,,,,,,,MISSING,文档未关联插图
W-FOG-02,weather,WEATHER_FOG,,,,,,,,,,,MISSING,文档未关联插图
W-FOG-03,weather,WEATHER_FOG,,,,,,,,,,,MISSING,文档未关联插图
W-FOG-04,weather,WEATHER_FOG,,,,,,,,,,,MISSING,文档未关联插图
W-DUST-01,weather,WEATHER_DUST,,,,,,,,,,,MISSING,文档未关联插图
W-DUST-02,weather,WEATHER_DUST,,,,,,,,,,,MISSING,文档未关联插图
W-DUST-03,weather,WEATHER_DUST,,,,,,,,,,,MISSING,文档未关联插图
W-DUST-04,weather,WEATHER_DUST,,,,,,,,,,,MISSING,文档未关联插图
DIARY-01,diary,DIARY_READY,,,,,,,,,,,MISSING,文档未关联插图
DIARY-02,diary,DIARY_READY,,,,,,,,,,,MISSING,文档未关联插图
DIARY-03,diary,DIARY_READY,,,,,,,,,,,MISSING,文档未关联插图
DIARY-04,diary,DIARY_READY,,,,,,,,,,,MISSING,文档未关联插图
DIARY-05,diary,DIARY_READY,,,,,,,,,,,MISSING,文档未关联插图
DIARY-06,diary,DIARY_READY,,,,,,,,,,,MISSING,文档未关联插图
DIARY-07,diary,DIARY_READY,,,,,,,,,,,MISSING,文档未关联插图
DIARY-08,diary,DIARY_READY,,,,,,,,,,,MISSING,文档未关联插图
DIARY-09,diary,DIARY_READY,,,,,,,,,,,MISSING,文档未关联插图
DIARY-10,diary,DIARY_READY,,,,,,,,,,,MISSING,文档未关联插图
DIARY-11,diary,DIARY_READY,,,,,,,,,,,MISSING,文档未关联插图
DIARY-12,diary,DIARY_READY,,,,,,,,,,,MISSING,文档未关联插图
DIARY-13,diary,DIARY_READY,,,,,,,,,,,MISSING,文档未关联插图
DIARY-14,diary,DIARY_READY,,,,,,,,,,,MISSING,文档未关联插图
DIARY-15,diary,DIARY_READY,,,,,,,,,,,MISSING,文档未关联插图
RECALL-07-01,recall,RECALL_07,图片和附件/image 97.png,ommo-app-assets-dev,oss-cn-wulanchabu.aliyuncs.com,push-cards/recall/recall-07-01/v1.png,https://ommo-app-assets-dev.oss-cn-wulanchabu.aliyuncs.com/push-cards/recall/recall-07-01/v1.png,private-signed-url,2685161,1254,1254,ddb303f96cbab9b331a8848599f7633e6af957b398e91b674e5f91d80302b4ce,UPLOADED_VERIFIED_PRIVATE,
RECALL-07-02,recall,RECALL_07,图片和附件/image 51.png,ommo-app-assets-dev,oss-cn-wulanchabu.aliyuncs.com,push-cards/recall/recall-07-02/v1.png,https://ommo-app-assets-dev.oss-cn-wulanchabu.aliyuncs.com/push-cards/recall/recall-07-02/v1.png,private-signed-url,3089966,1254,1254,5c01759482975828aca89bba906c8f1b2f1153b79edff8a1ec2a806c4412bf07,UPLOADED_VERIFIED_PRIVATE,
RECALL-07-03,recall,RECALL_07,图片和附件/image 28.png,ommo-app-assets-dev,oss-cn-wulanchabu.aliyuncs.com,push-cards/recall/recall-07-03/v1.png,https://ommo-app-assets-dev.oss-cn-wulanchabu.aliyuncs.com/push-cards/recall/recall-07-03/v1.png,private-signed-url,2879569,1254,1254,8a43a7d060d16581e66fe7e0a937f29a28abc15605ee27f9d66f66e8f6fb8ad5,UPLOADED_VERIFIED_PRIVATE,
RECALL-07-04,recall,RECALL_07,图片和附件/image 12.png,ommo-app-assets-dev,oss-cn-wulanchabu.aliyuncs.com,push-cards/recall/recall-07-04/v1.png,https://ommo-app-assets-dev.oss-cn-wulanchabu.aliyuncs.com/push-cards/recall/recall-07-04/v1.png,private-signed-url,2869245,1254,1254,529ae06b87f3749c8f0876a828bb9a914e50713b6af8afb95be197f7cd2b839a,UPLOADED_VERIFIED_PRIVATE,
RECALL-07-05,recall,RECALL_07,图片和附件/image 75.png,ommo-app-assets-dev,oss-cn-wulanchabu.aliyuncs.com,push-cards/recall/recall-07-05/v1.png,https://ommo-app-assets-dev.oss-cn-wulanchabu.aliyuncs.com/push-cards/recall/recall-07-05/v1.png,private-signed-url,2960845,1254,1254,c9e37608a478e505cc7686b35dd9d328de3a6797e61e5d97e821de2c1e34c6ef,UPLOADED_VERIFIED_PRIVATE,
RECALL-07-06,recall,RECALL_07,图片和附件/image 4.png,ommo-app-assets-dev,oss-cn-wulanchabu.aliyuncs.com,push-cards/recall/recall-07-06/v1.png,https://ommo-app-assets-dev.oss-cn-wulanchabu.aliyuncs.com/push-cards/recall/recall-07-06/v1.png,private-signed-url,2693973,1254,1254,2c96e362198bd29ea4dc806e4a9daea949d0f1b47ae5aae49cfe597cb5f59c63,UPLOADED_VERIFIED_PRIVATE,
RECALL-07-07,recall,RECALL_07,图片和附件/image 42.png,ommo-app-assets-dev,oss-cn-wulanchabu.aliyuncs.com,push-cards/recall/recall-07-07/v1.png,https://ommo-app-assets-dev.oss-cn-wulanchabu.aliyuncs.com/push-cards/recall/recall-07-07/v1.png,private-signed-url,2761978,1254,1254,c9576c29e51ac7f638d8993d921c030f1c44b07aa95308f4a6db4d0b4f69d723,UPLOADED_VERIFIED_PRIVATE,
RECALL-07-08,recall,RECALL_07,图片和附件/image 19.png,ommo-app-assets-dev,oss-cn-wulanchabu.aliyuncs.com,push-cards/recall/recall-07-08/v1.png,https://ommo-app-assets-dev.oss-cn-wulanchabu.aliyuncs.com/push-cards/recall/recall-07-08/v1.png,private-signed-url,2996720,1254,1254,cd2fd11d02f92a05782cd36cb6e0c84088d6af23807d782c1f43ec07422093db,UPLOADED_VERIFIED_PRIVATE,
RECALL-07-09,recall,RECALL_07,图片和附件/image 11.png,ommo-app-assets-dev,oss-cn-wulanchabu.aliyuncs.com,push-cards/recall/recall-07-09/v1.png,https://ommo-app-assets-dev.oss-cn-wulanchabu.aliyuncs.com/push-cards/recall/recall-07-09/v1.png,private-signed-url,2812282,1254,1254,548381ed80950e449ebc0bf3f34f2bf261de3abac81ccf62874b95f0c5fe39b1,UPLOADED_VERIFIED_PRIVATE,
RECALL-07-10,recall,RECALL_07,图片和附件/image 93.png,ommo-app-assets-dev,oss-cn-wulanchabu.aliyuncs.com,push-cards/recall/recall-07-10/v1.png,https://ommo-app-assets-dev.oss-cn-wulanchabu.aliyuncs.com/push-cards/recall/recall-07-10/v1.png,private-signed-url,2864299,1254,1254,19546b375f35cb3f9e8fe4a0c70ba08f51f7bd3334a019c604544457d381033d,UPLOADED_VERIFIED_PRIVATE,
RECALL-07-11,recall,RECALL_07,图片和附件/image 55.png,ommo-app-assets-dev,oss-cn-wulanchabu.aliyuncs.com,push-cards/recall/recall-07-11/v1.png,https://ommo-app-assets-dev.oss-cn-wulanchabu.aliyuncs.com/push-cards/recall/recall-07-11/v1.png,private-signed-url,2942308,1254,1254,5f175a744833a564b57999efc6476fea397b017d2eb83376e772c4cbca3cb263,UPLOADED_VERIFIED_PRIVATE,
RECALL-07-12,recall,RECALL_07,图片和附件/image 104.png,ommo-app-assets-dev,oss-cn-wulanchabu.aliyuncs.com,push-cards/recall/recall-07-12/v1.png,https://ommo-app-assets-dev.oss-cn-wulanchabu.aliyuncs.com/push-cards/recall/recall-07-12/v1.png,private-signed-url,2741776,1254,1254,41e120d211752716877ba23c089cddbc5295b91108f0235c8501c7cdca9621b5,UPLOADED_VERIFIED_PRIVATE,
RECALL-15-01,recall,RECALL_15,,,,,,,,,,,MISSING,文档未关联插图
RECALL-15-02,recall,RECALL_15,,,,,,,,,,,MISSING,文档未关联插图
RECALL-15-03,recall,RECALL_15,,,,,,,,,,,MISSING,文档未关联插图
RECALL-15-04,recall,RECALL_15,,,,,,,,,,,MISSING,文档未关联插图
RECALL-15-05,recall,RECALL_15,,,,,,,,,,,MISSING,文档未关联插图
RECALL-15-06,recall,RECALL_15,,,,,,,,,,,MISSING,文档未关联插图
RECALL-15-07,recall,RECALL_15,,,,,,,,,,,MISSING,文档未关联插图
RECALL-15-08,recall,RECALL_15,,,,,,,,,,,MISSING,文档未关联插图
RECALL-15-09,recall,RECALL_15,,,,,,,,,,,MISSING,文档未关联插图
RECALL-15-10,recall,RECALL_15,,,,,,,,,,,MISSING,文档未关联插图
RECALL-15-11,recall,RECALL_15,,,,,,,,,,,MISSING,文档未关联插图
RECALL-15-12,recall,RECALL_15,,,,,,,,,,,MISSING,文档未关联插图
RECALL-30-01,recall,RECALL_30,,,,,,,,,,,MISSING,文档未关联插图
RECALL-30-02,recall,RECALL_30,,,,,,,,,,,MISSING,文档未关联插图
RECALL-30-03,recall,RECALL_30,,,,,,,,,,,MISSING,文档未关联插图
RECALL-30-04,recall,RECALL_30,,,,,,,,,,,MISSING,文档未关联插图
RECALL-30-05,recall,RECALL_30,,,,,,,,,,,MISSING,文档未关联插图
RECALL-30-06,recall,RECALL_30,,,,,,,,,,,MISSING,文档未关联插图
RECALL-30-07,recall,RECALL_30,,,,,,,,,,,MISSING,文档未关联插图
RECALL-30-08,recall,RECALL_30,,,,,,,,,,,MISSING,文档未关联插图
RECALL-30-09,recall,RECALL_30,,,,,,,,,,,MISSING,文档未关联插图
RECALL-30-10,recall,RECALL_30,,,,,,,,,,,MISSING,文档未关联插图
RECALL-30-11,recall,RECALL_30,,,,,,,,,,,MISSING,文档未关联插图
RECALL-30-12,recall,RECALL_30,,,,,,,,,,,MISSING,文档未关联插图
